id,name,tags,companies,current_price,original_price,downloads,vote_info,comment
130630,天涯明月刀,"['捏脸', '武侠', '高画质', 'MMORPG', '古风', '角色扮演', '高自由度', '3D', '动作', '多人联机', '国风', '开放世界']","[{'type': 'developer', 'name': '腾讯'}]",,,23435,"{'1': 6252, '2': 3368, '3': 5565, '4': 5800, '5': 14391}",[]
218732,黑色沙漠,"['美少女', '开放世界', '动作', '高画质', 'MMORPG', '移植', '角色扮演']","[{'type': 'publisher', 'name': '腾讯'}]",,,3359,"{'1': 1504, '2': 658, '3': 1009, '4': 899, '5': 2021}",[]
178358,妄想山海,"['开放世界', '模拟经营', '经营', '高自由度', '山海经', 'MMORPG', '国风', '养成', '高画质', '建造', '捏脸', '角色扮演']","[{'type': 'publisher', 'name': '腾讯'}, {'type': 'author', 'name': '北京像素软件科技股份有限公司'}]",,,11947,"{'1': 4310, '2': 2702, '3': 3360, '4': 3677, '5': 6737}",[]
51645,创造与魔法,"['开放世界', '沙盒', '建造', 'DIY', '养成', '经营', '模拟经营', '收集', '高自由度', '3D', '模拟']","[{'type': 'publisher', 'name': '英雄互娱'}, {'type': 'author', 'name': '天津五麦科技有限公司'}]",,,117972,"{'1': 6184, '2': 1698, '3': 3309, '4': 3071, '5': 9323}",[]
61333,雷电傲气雄鹰,"['吃鸡', '多人联机', '射击', '高画质', '逃生', '刺激', '动作', '开放世界', '沙盒', '模拟', '3D', '僵尸']","[{'type': 'developer', 'name': '墨一科技'}]",,,357641,"{'1': 4668, '2': 1487, '3': 2398, '4': 2222, '5': 9004}",[]
163797,王牌战争,"['生存', '开放世界', '沙盒', '末日', '多人联机', '射击', '冒险', 'TPS']","[{'type': 'author', 'name': '极光工作室'}, {'type': 'publisher', 'name': '英雄互娱'}]",,,18746,"{'1': 7834, '2': 1180, '3': 1252, '4': 851, '5': 2450}",[]
50500,一梦江湖,"['高自由度', '武侠', 'MMORPG', '高画质', '捏脸', '古风', '角色扮演', '3D', '开放世界', '多人联机']","[{'type': 'developer', 'name': '网易游戏'}]",,,209156,"{'1': 6859, '2': 3556, '3': 9589, '4': 11891, '5': 21675}",[]
91974,天谕,"['捏脸', 'MMORPG', '高画质', '3D', '角色扮演', '高自由度', '开放世界', '东方幻想', '多人联机']","[{'type': 'developer', 'name': '网易游戏'}]",,,10230,"{'1': 2037, '2': 1530, '3': 2954, '4': 3430, '5': 9978}",[]
192675,幻塔,"['开放世界', '高自由度', '高画质', '角色扮演', '二次元', 'ARPG', '冒险', '动作', '多人联机', 'MMORPG', '支持手柄', '美少女']","[{'type': 'developer', 'name': 'Hotta Studio'}]",,,5269,"{'1': 30635, '2': 11212, '3': 9369, '4': 6377, '5': 22636}",[]
59520,明日之后,"['生存', '多人联机', '末日', '丧尸', '开放世界', '建造', '经营', '沙盒', '3D', '冒险', '探索', '动作', '战斗', '末日生存', '团队合作', '模拟']","[{'type': 'developer', 'name': '网易游戏'}]",,,156287,"{'1': 121903, '2': 14978, '3': 19838, '4': 17087, '5': 60685}",[]
7054,迷你世界,"['开放世界', '像素', '可爱']","[{'type': 'developer', 'name': '深圳市迷你玩科技有限公司'}]",,,71866,"{'1': 67871, '2': 878, '3': 715, '4': 285, '5': 3047}",[]
131263,部落与弯刀,"['Steam移植', '开放世界', '策略', '单机']","[{'type': 'author', 'name': '汉家松鼠工作室'}, {'type': 'publisher', 'name': '心动'}]",￥18,￥25,551,"{'1': 622, '2': 332, '3': 843, '4': 1445, '5': 4504}",[]
194610,泰拉瑞亚,"['沙盒', '像素', '开放世界', '付费下载', '冒险', 'Steam移植', '多人联机', '移植', '2D', 'DIY', '单机']","[{'type': 'publisher', 'name': '心动'}, {'type': 'author', 'name': '505 Games'}]",￥12,￥18,15454,"{'1': 5109, '2': 1362, '3': 3513, '4': 6133, '5': 54451}",[]
43639,我的世界,"['沙盒', '开放世界', '像素', 'DIY', '建造', '冒险', '合作', '探索', '多人联机', '高自由度']","[{'type': 'publisher', 'name': '网易游戏'}]",,,269788,"{'1': 17225, '2': 5584, '3': 9173, '4': 7614, '5': 36081}",[]
168332,原神,"['开放世界', '二次元', '角色扮演', '养成', '高自由度', '动作', '高画质', 'ARPG', '冒险', '3D', '多人联机', '剧情']","[{'type': 'developer', 'name': 'miHoYo'}]",,,157564,"{'1': 81918, '2': 26936, '3': 29026, '4': 37757, '5': 173902}",[]
84375,我的起源,"['MMORPG', '开放世界', '生存', '角色扮演']","[{'type': 'publisher', 'name': '腾讯'}, {'type': 'author', 'name': '完美世界游戏'}]",,,12423,"{'1': 6750, '2': 2063, '3': 1259, '4': 983, '5': 2789}",[]
17420,奶块,"['沙盒', '开放世界', '冒险', '像素', '高自由度', 'DIY', '角色扮演', '建造', '自由交易']","[{'type': 'developer', 'name': '广州华多网络科技有限公司珠海分公司'}]",,,37814,"{'1': 1668, '2': 365, '3': 602, '4': 589, '5': 1544}",[]
193894,诺亚之心,"['MMORPG', '多人联机', '冒险', '高自由度', '开放世界', '角色扮演']","[{'type': 'developer', 'name': '腾讯'}]",,,2814,"{'1': 2297, '2': 863, '3': 1490, '4': 1156, '5': 4612}",[]
36716,荒野日记：孤岛,"['生存', '文字', '冒险', '模拟', '开放世界', '策略', '剧情', 'Roguelike', '多结局']","[{'type': 'publisher', 'name': '五十一区工作室'}, {'type': 'author', 'name': '空释'}]",,,56704,"{'1': 673, '2': 286, '3': 870, '4': 1817, '5': 4271}",[]
139184,龙族幻想,"['高画质', 'MMORPG', '开放世界', '动作', '捏人', '3D', '养成', '次时代']","[{'type': 'publisher', 'name': '腾讯'}, {'type': 'author', 'name': '祖龙娱乐'}]",,,24183,"{'1': 14639, '2': 6594, '3': 7823, '4': 4682, '5': 8469}",[]
59637,遇见,"['开放世界', '角色扮演', '冒险', '沙盒', '高自由度', '3D']","[{'type': 'author', 'name': '亘游个人工作室'}]",,,49709,"{'1': 878, '2': 489, '3': 1181, '4': 1733, '5': 4549}",[]
194447,大千世界,"['开放世界', '像素', '单机', '角色扮演', '回合制', '恶搞']","[{'type': 'developer', 'name': '滑稽工作室'}]",,,0,"{'1': 534, '2': 288, '3': 830, '4': 1501, '5': 5889}",[]
50003,边境之旅,"['生存', '冒险', '治愈', '建造', '角色扮演', '开放世界', 'UP主推荐', '3D低模', '养成', '唯美', '小清新', '模拟经营', '休闲', '竖屏', '高自由度', '收集']","[{'type': 'publisher', 'name': '网易游戏'}]",,,87785,"{'1': 1424, '2': 909, '3': 2459, '4': 2827, '5': 4185}",[]
80929,传送门骑士,"['沙盒', '冒险', 'Steam移植', '3D', '开放世界', '高自由度', '移植', '模拟经营', '经营', '建造', 'DIY', '本地联机', '角色扮演']","[{'type': 'publisher', 'name': '多益网络有限公司'}]",,,33087,"{'1': 2005, '2': 479, '3': 968, '4': 961, '5': 2997}",[]
230100,像素冒险世界,"['像素', '开放世界', '角色扮演']","[{'type': 'author', 'name': 'OhMyPixel'}]",,,9955,"{'1': 360, '2': 121, '3': 289, '4': 546, '5': 2582}",[]
153717,希望之村,"['Steam移植', '沙盒', 'UP主推荐', '模拟', '角色扮演', '开放世界']","[{'type': 'publisher', 'name': '亿儒科技'}, {'type': 'author', 'name': 'Wereviz AB'}]",,,23748,"{'1': 3099, '2': 1315, '3': 2823, '4': 3586, '5': 5090}",[]
65325,饥饿鲨：世界,"['生存', '开放世界', '3D', '需家长陪同', '冒险', '刺激', '模拟', '高自由度']","[{'type': 'developer', 'name': '北京掌趣科技股份有限公司'}]",,,26655,"{'1': 493, '2': 273, '3': 680, '4': 828, '5': 1479}",[]
57161,猎魂觉醒,"['高自由度', 'MMORPG', '高画质', '开放世界', '打击感', '角色扮演', '3D', '动作', 'ARPG', '冒险', '多人联机', '捏脸', '收集']","[{'type': 'developer', 'name': '网易游戏'}]",,,158144,"{'1': 3307, '2': 1307, '3': 3277, '4': 4665, '5': 10952}",[]
166653,黑暗与光明手游,"['沙盒', '开放世界', '生存', '多人联机', '高自由度', '驯养', '角色扮演']","[{'type': 'developer', 'name': '蜗牛游戏'}]",,,1859,"{'1': 767, '2': 193, '3': 119, '4': 71, '5': 310}",[]
79072,伊洛纳,"['角色扮演', '开放世界', '像素', '高自由度', 'Roguelike', '冒险', '回合制', 'UP主推荐']","[{'type': 'publisher', 'name': '雷霆游戏'}, {'type': 'author', 'name': '数字狗'}]",,,38284,"{'1': 1964, '2': 1153, '3': 2624, '4': 3687, '5': 5955}",[]
65718,塞尔之光,"['角色扮演', 'MMORPG', '冒险', '魔幻', '开放世界']","[{'type': 'publisher', 'name': '咸鱼游戏'}, {'type': 'author', 'name': '灵刃游戏'}]",,,11607,"{'1': 617, '2': 92, '3': 172, '4': 168, '5': 383}",[]
84247,光明勇士,"['高自由度', 'MMORPG', '冒险', '开放世界', '多人联机', '3D', '沙盒', 'Q版', '可爱', '休闲']","[{'type': 'author', 'name': '盛趣游戏'}]",,,10799,"{'1': 516, '2': 223, '3': 269, '4': 232, '5': 581}",[]
224276,星球建造大师,"['沙盒', '开放世界', '角色扮演']","[{'type': 'publisher', 'name': '天津羽仁科技有限公司'}, {'type': 'author', 'name': '广州宾果网络科技有限公司'}]",,,58,"{'1': 43, '2': 8, '3': 0, '4': 5, '5': 20}",[]
83183,画中人,"['艺术', '开放世界', '国风', '角色扮演', '沙盒', '武侠']","[{'type': 'developer', 'name': '听松馆少主'}]",,,0,"{'1': 18, '2': 27, '3': 90, '4': 224, '5': 474}",[]
35659,异世界OL,"['角色扮演', '沙盒', 'MMORPG', '回合制', '多人联机', '开放世界', '放置', '怀旧', '二次元']","[{'type': 'author', 'name': '上海冰圈信息技术有限公司'}, {'type': 'publisher', 'name': '上海冰圈'}]",,,0,"{'1': 68, '2': 45, '3': 136, '4': 168, '5': 261}",[]
162971,神角技巧,"['沙盒', '开放世界', 'MMORPG', '冒险', '角色扮演', '生存']","[{'type': 'author', 'name': '谷得游戏'}, {'type': 'publisher', 'name': '腾讯'}]",,,5994,"{'1': 1029, '2': 567, '3': 765, '4': 1390, '5': 2987}",[]
219357,完美世界：诸神之战,"['角色扮演', 'MMORPG', '竖屏', '高画质', '3D', '开放世界', '唯美']","[{'type': 'developer', 'name': '完美世界游戏'}]",,,229,"{'1': 155, '2': 53, '3': 63, '4': 75, '5': 132}",[]
176148,白石洲往事,"['移植', '开放世界', 'Steam移植', '单机', '模拟']","[{'type': 'developer', 'name': '钻子游戏'}]",,,584,"{'1': 83, '2': 54, '3': 86, '4': 60, '5': 89}",[]
33124,小小航海士外传,"['模拟经营', '独立游戏', '航海', '海战', '策略', 'UP主推荐', '冒险', '像素', '开放世界', '经营', '竖屏', '高自由度']","[{'type': 'developer', 'name': 'LinkJoy'}]",,,65821,"{'1': 595, '2': 268, '3': 838, '4': 2617, '5': 11959}",[]
84459,完美世界,"['高画质', '角色扮演', '放置', '3D', '开放世界']","[{'type': 'publisher', 'name': '腾讯'}, {'type': 'author', 'name': '完美世界游戏'}]",,,10715,"{'1': 5361, '2': 562, '3': 817, '4': 277, '5': 876}",[]
10536,天下,"['MMORPG', '高画质', '武侠', '古风', '角色扮演', '动作', '国风', '多人联机', '3D', '开放世界', '高自由度', '沙盒']","[{'type': 'developer', 'name': '网易游戏'}]",,,9773,"{'1': 196, '2': 113, '3': 296, '4': 254, '5': 466}",[]
18353,被尘封的故事,"['DIY', '像素', '单机', '冒险', '角色扮演', '3D', '开放世界', '剧情']","[{'type': 'developer', 'name': '河北优果网络科技有限公司'}]",,,4408,"{'1': 321, '2': 126, '3': 295, '4': 330, '5': 1076}",[]
85327,第二银河,"['太空', '策略', '科幻', '沙盒', '战争', '高自由度', '星战', '高画质', 'SLG', '开放世界', '多人联机', '硬核']","[{'type': 'developer', 'name': '紫龙游戏'}]",,,6505,"{'1': 2720, '2': 963, '3': 1139, '4': 1174, '5': 3937}",[]
83188,方舟：生存进化,"['生存', '多人联机', '恐龙', 'Steam移植', '开放世界', '高画质', '沙盒', '多人游戏', '冒险', '模拟', '动作', '3D']","[{'type': 'developer', 'name': 'Studio Wildcard'}]",,,295765,"{'1': 1300, '2': 490, '3': 1074, '4': 2048, '5': 20783}",[]
172652,我的侠客,"['武侠', '高自由度', '开放世界', '剧情', '沙盒', '角色扮演', '战棋', '国风']","[{'type': 'publisher', 'name': '极光计划'}, {'type': 'author', 'name': '杭州电魂网络科技股份有限公司'}]",,,12014,"{'1': 1851, '2': 1043, '3': 1545, '4': 2569, '5': 4671}",[]
91856,你好邻居,"['角色扮演', '移植', '潜行', '开放世界', 'UP主推荐', '沙盒', '解谜', '策略', '单机', '动作']","[{'type': 'developer', 'name': 'tinyBuild'}]",,,45839,"{'1': 131, '2': 54, '3': 108, '4': 154, '5': 1248}",[]
79294,恶魔狂想曲3,"['开放世界', '高自由度', '单机', '剧情', '探索', '沙盒']","[{'type': 'author', 'name': '上海真趣信息科技有限公司'}]",,,0,"{'1': 3, '2': 1, '3': 4, '4': 20, '5': 58}",[]
195103,我们的星球,"['开放世界', '沙盒', '建造', '多人联机', '角色扮演']","[{'type': 'author', 'name': '天津五麦科技有限公司'}]",,,0,"{'1': 78, '2': 50, '3': 157, '4': 306, '5': 798}",[]
63798,荒芜之地,"['吃鸡', '生存', '开放世界', '射击', '沙盒']","[{'type': 'developer', 'name': '东莞市乐游网络科技有限公司'}]",,,2,"{'1': 240, '2': 60, '3': 130, '4': 166, '5': 1226}",[]
5783,闪电部队,"['射击', '多人联机', 'FPS', '网络工具', '动作', '开放世界', '冒险', '高画质']","[{'type': 'developer', 'name': 'Gameloft'}]",,,13258,"{'1': 99, '2': 41, '3': 85, '4': 90, '5': 254}",[]
615,Roblox,"['沙盒', '开放世界', 'UP主推荐', '冒险', '网络工具']","[{'type': 'developer', 'name': 'ROBLOX Corporation'}]",,,65605,"{'1': 266, '2': 109, '3': 253, '4': 376, '5': 2870}",[]
41940,暗影之枪：传奇,"['高画质', 'FPS', '射击', '科幻', '角色扮演', '多人联机', '开放世界', '沙盒', '网络工具', '动作']","[{'type': 'developer', 'name': 'MADFINGER Games'}]",,,33012,"{'1': 41, '2': 21, '3': 79, '4': 184, '5': 802}",[]
55912,世界战争 - 英雄,"['战争', '射击', '战地', '网络工具', 'FPS', '高画质', '生存', '动作', '高自由度', '模拟', '开放世界', '多人联机', '角色扮演']","[{'type': 'developer', 'name': 'Game development ltd'}]",,,49506,"{'1': 840, '2': 364, '3': 618, '4': 732, '5': 2342}",[]
51131,地球末日：生存,"['沙盒', '僵尸', '开放世界', 'DIY', '射击', '3D', '经营', '有内购', '末日生存', '模拟', 'UP主推荐', '网络工具', '谷歌', '上帝视角']","[{'type': 'developer', 'name': 'Kefir!'}]",,,366035,"{'1': 1572, '2': 882, '3': 3027, '4': 6936, '5': 27069}",[]
13756,创造世界,"['开放世界', 'DIY', '高自由度', '冒险', '角色扮演', '像素']","[{'type': 'developer', 'name': '上海世游网络科技有限公司'}]",,,3822,"{'1': 438, '2': 60, '3': 89, '4': 64, '5': 160}",[]
20912,尼米亚传奇：光明山脉 ,"['开放世界', '高画质', '角色扮演', '冒险']","[{'type': 'developer', 'name': 'Robert Kabwe'}]",,,49979,"{'1': 3, '2': 2, '3': 17, '4': 61, '5': 207}",[]
191434,黎明之海,"['开放世界', '冒险', 'MMORPG', '高自由度', '角色扮演']","[{'type': 'developer', 'name': '沧龙工作室'}]",,,0,"{'1': 168, '2': 79, '3': 166, '4': 497, '5': 1564}",[]
147515,我的起源（体验服）,"['角色扮演', 'MMORPG', '开放世界', '沙盒']","[{'type': 'publisher', 'name': '腾讯'}, {'type': 'author', 'name': '完美世界游戏'}]",,,0,"{'1': 322, '2': 124, '3': 214, '4': 119, '5': 353}",[]
174605,手工星球（测试服）,"['沙盒', '多人联机', '模拟经营', '经营', '休闲', '开放世界', '建造', '模拟']","[{'type': 'publisher', 'name': '腾讯'}]",,,0,"{'1': 18, '2': 11, '3': 21, '4': 21, '5': 211}",[]
54119,小虾米闯江湖,"['武侠', '开放世界', '放置', '沙盒', '角色扮演', '多人联机', '休闲', '热血']","[{'type': 'developer', 'name': '游骑兵'}]",,,14287,"{'1': 237, '2': 76, '3': 156, '4': 239, '5': 746}",[]
64637,怪奇物语,"['像素', '单机', '角色扮演', '冒险', '解谜', '模拟经营', '经营', '收集', '剧情', '科幻', '动作', '开放世界']","[{'type': 'developer', 'name': 'BonusXP, Inc.'}]",,,23111,"{'1': 5, '2': 7, '3': 28, '4': 87, '5': 487}",[]
64390,疯狂城市4 逃出监狱,"['开放世界', '高自由度', '单机', '动作', '射击', '竞速', '沙盒', '角色扮演', '模拟', '冒险', '3D']","[{'type': 'developer', 'name': 'Extereme Games'}]",,,0,"{'1': 159, '2': 89, '3': 108, '4': 90, '5': 360}",[]
62504,海之号角2：失落王国的骑士,"['角色扮演', '高画质', '3D', '开放世界', '沙盒', '单机']","[{'type': 'author', 'name': 'Cornfox & Brothers'}]",,,22597,"{'1': 37, '2': 8, '3': 42, '4': 92, '5': 729}",[]
506,我的世界,"['开放世界', '沙盒', 'DIY', '像素', '冒险', '模拟', '模拟经营', '经营', '方块', '建造', '上帝视角', 'UP主推荐', '街机']","[{'type': 'developer', 'name': 'Mojang'}]",,,57620,"{'1': 18, '2': 10, '3': 109, '4': 418, '5': 18202}",[]
85859,手工星球,"['沙盒', '开放世界', '建造', '模拟', '单机', '像素', '多人联机', '休闲']","[{'type': 'developer', 'name': '腾讯'}]",,,0,"{'1': 146, '2': 66, '3': 204, '4': 316, '5': 987}",[]
74343,龙族血统,"['动作', '开放世界', '角色扮演', '沙盒']","[{'type': 'author', 'name': '成都天象互动网络游戏有限公司'}]",,,2,"{'1': 134, '2': 32, '3': 130, '4': 162, '5': 626}",[]
226341,BUD,"['多人联机', '高自由度', '开放世界', '捏脸', '休闲']","[{'type': 'developer', 'name': 'BUD App'}]",,,0,"{'1': 9, '2': 1, '3': 14, '4': 11, '5': 41}",[]
188814,无尽旷野,"['高画质', '开放世界', '角色扮演', '冒险']","[{'type': 'developer', 'name': 'Robert Kabwe'}]",,,397,"{'1': 4, '2': 2, '3': 0, '4': 10, '5': 6}",[]
230641,七大罪：起源,"['动作', '七大罪', '开放世界', '角色扮演']","[{'type': 'developer', 'name': 'Netmarble'}]",,,0,"{'1': 10, '2': 2, '3': 5, '4': 14, '5': 109}",[]
216853,航海日记2（测试服）,"['航海', '像素', '角色扮演', '冒险', '开放世界']","[{'type': 'author', 'name': '海兔工作室'}]",,,0,"{'1': 83, '2': 78, '3': 119, '4': 105, '5': 189}",[]
219793,塞维尔的笔记,"['角色扮演', '开放世界', '卡牌', '冒险']","[{'type': 'developer', 'name': '樱澜网络'}]",,,0,"{'1': 5, '2': 3, '3': 34, '4': 93, '5': 363}",[]
162627,波西亚时光,"['模拟经营', 'Steam移植', '角色扮演', '模拟', '经营', '单机', '沙盒', '休闲', '开放世界']","[{'type': 'author', 'name': '帕斯亚科技'}]",￥0.01,￥0.01,0,"{'1': 98, '2': 38, '3': 111, '4': 345, '5': 2422}",[]
162254,黎明觉醒,"['生存', '开放世界', '末日', '虚幻4', '高画质', '建造', '动作', '角色扮演', 'MMORPG', '射击', '高自由度', '捏脸', '探索', '多人联机']","[{'type': 'developer', 'name': '腾讯'}]",,,1,"{'1': 1635, '2': 519, '3': 3029, '4': 5275, '5': 17637}",[]
158681,故土,"['开放世界', '角色扮演']","[{'type': 'developer', 'name': '网易游戏'}]",,,0,"{'1': 12, '2': 6, '3': 11, '4': 35, '5': 167}",[]
153484,源码部落,"['建造', '高自由度', '多人联机', '角色扮演', '生存', '教育', '开放世界', '编程', '沙盒']","[{'type': 'author', 'name': '贝尔游戏工作室'}]",,,0,"{'1': 4, '2': 1, '3': 5, '4': 11, '5': 121}",[]
133568,方舟：生存进化,"['生存', '恐龙', 'Steam移植', '多人联机', '沙盒', '开放世界', '高自由度', '高画质', '冒险', '多人游戏', '射击', '模拟', '角色扮演', 'PVP', '动作', '模拟经营']","[{'type': 'publisher', 'name': '蜗牛游戏'}, {'type': 'author', 'name': 'Studio Wildcard'}]",,,0,"{'1': 1676, '2': 381, '3': 894, '4': 973, '5': 4566}",[]
133337,上古卷轴：刀锋战士,"['开放世界', '角色扮演', '魔幻', '高画质', '动作', '单机']","[{'type': 'developer', 'name': 'Bethesda Softworks LLC'}]",,,13937,"{'1': 88, '2': 51, '3': 105, '4': 166, '5': 1040}",[]
82354,堡垒之夜,"['PVP', '吃鸡', '多人竞技', '射击', '多人联机', '开放世界', '3D', '移植', 'DIY', '动作', '高画质', 'UP主推荐']","[{'type': 'developer', 'name': 'Epic Games'}]",,,611482,"{'1': 2456, '2': 606, '3': 1088, '4': 1379, '5': 12359}",[]
176228,开放空间Collection,"['独立游戏', '开放世界', '角色扮演']","[{'type': 'author', 'name': '萌必死游戏制作组'}]",,,0,"{'1': 2, '2': 0, '3': 12, '4': 62, '5': 358}",[]
169095,机器法则,"['Roguelike', '射击', '开放世界']","[{'type': 'author', 'name': '青鹿游戏工作室'}]",,,0,"{'1': -1, '2': -1, '3': -1, '4': -1, '5': -1}",[]
231006,代号：双月,"['开放世界', '冒险', '角色扮演', '养成', '多人联机', '收集', '建造', '探索']","[{'type': 'developer', 'name': '冰川'}]",,,0,"{'1': 1, '2': 2, '3': 50, '4': 307, '5': 938}",[]
10414,Survival Island: Evolve,"['生存', '单机', '开放世界', '沙盒', '冒险', '高自由度', 'DIY', '角色扮演', '射击', '模拟', '谷歌', '模拟经营', '经营']","[{'type': 'developer', 'name': 'darkbarkSoftware'}]",,,96023,"{'1': 669, '2': 247, '3': 536, '4': 457, '5': 1048}",[]
58708,丛林法则,"['吃鸡', '多人联机', '射击', '生存', '开放世界', '刺激', '3D', '冒险', '动作', '竞技']","[{'type': 'developer', 'name': '霍尔果斯蓝鲸网络科技有限公司'}]",,,91,"{'1': 2947, '2': 698, '3': 1314, '4': 1465, '5': 9500}",[]
36886,狼族,"['生存', '模拟', '角色扮演', '动物', 'UP主推荐', '冒险', '动作', '网络工具', '狼', '开放世界', '养成', 'PVP']","[{'type': 'developer', 'name': 'Swift Apps LTD'}]",,,62884,"{'1': 143, '2': 99, '3': 391, '4': 743, '5': 1454}",[]
234566,武义九州,"['武侠', '冒险', '开放世界', '国风', '水墨', '独立游戏']","[{'type': 'developer', 'name': '游戏人类'}]",,,0,"{'1': 1, '2': 0, '3': 3, '4': 7, '5': 27}",[]
42193,Morphite,"['开放世界', '科幻', 'Steam移植', '角色扮演', '冒险', '射击', '移植', '单机']","[{'type': 'developer', 'name': 'Crescent Moon Games'}]",,,3796,"{'1': 7, '2': 10, '3': 44, '4': 89, '5': 318}",[]
45603,丛林法则,"['生存', '动物', '沙盒', '模拟', 'UP主推荐', '动作', '开放世界', '角色扮演', '网络工具', '魔性', '3D', '冒险', '战争', '射击']","[{'type': 'developer', 'name': '1Games'}]",,,790,"{'1': 486, '2': 256, '3': 658, '4': 948, '5': 2001}",[]
25958,现代战争：尖峰对决,"['笫一人称射击', '高画质', '射击', 'FPS', '科幻', '谷歌', '高配置', '角色扮演', '3D', '动作', '支持手柄', '开放世界']","[{'type': 'developer', 'name': 'Gameloft'}]",,,60954,"{'1': 541, '2': 252, '3': 615, '4': 701, '5': 3032}",[]
21550,僵尸生存大战,"['生存', '僵尸', '沙盒', '单机', '像素', '高自由度', '末日', '射击', '动作', '冒险', '恐怖', '需家长陪同', '开放世界', '多人联机', '网络工具']","[{'type': 'developer', 'name': 'Quaternions Inc.'}]",,,92046,"{'1': 233, '2': 156, '3': 513, '4': 1136, '5': 2272}",[]
219503,代号：降临,"['开放世界', '射击', '角色扮演', '3D', '建造', '沙盒', '多人联机', '高画质', '自由交易', '末日', '生存', '科幻']","[{'type': 'developer', 'name': 'MMC Society'}]",,,2,"{'1': 159, '2': 147, '3': 391, '4': 593, '5': 3288}",[]
62397,遗弃,"['生存', '开放世界', '单机', '丧尸', '僵尸', '沙盒', '刺激', '角色扮演', '冒险', '末日', '动作', 'DIY', '策略']","[{'type': 'developer', 'name': 'Gaijin Distribution'}]",,,90105,"{'1': 81, '2': 42, '3': 213, '4': 358, '5': 844}",[]
161247,兰若情缘,"['武侠', '开放世界', '角色扮演']","[{'type': 'publisher', 'name': '广州爱玩'}, {'type': 'author', 'name': '广州爱玩网络科技有限公司'}]",,,0,"{'1': 48, '2': 4, '3': 6, '4': 6, '5': 34}",[]
231156,魂,"['开放世界', '高自由度', '冒险', '养成', '高画质', '多人联机', '角色扮演']","[{'type': 'author', 'name': '失眠工作室'}]",,,0,"{'1': 173, '2': 58, '3': 430, '4': 914, '5': 11218}",[]
158659,蜀山：初章,"['开放世界', '沙盒', '仙侠', '武侠', '角色扮演']","[{'type': 'author', 'name': '忆墨轩网络'}]",,,0,"{'1': 40, '2': 10, '3': 97, '4': 149, '5': 606}",[]
146964,龙刃：混沌之主,"['MMORPG', '开放世界', '角色扮演']","[{'type': 'developer', 'name': 'Pumpkinberg'}]",,,0,"{'1': 2, '2': 1, '3': 2, '4': 3, '5': 62}",[]
140948,铁与盐之地（测试服）,"['即时战略', '沙盒', '策略', '独立游戏', '开放世界', '冒险']","[{'type': 'developer', 'name': '风岛'}, {'type': 'author', 'name': '来比剑工作室'}]",,,0,"{'1': 6, '2': 10, '3': 34, '4': 46, '5': 34}",[]
131158,铁与盐之地,"['即时战略', '冒险', '开放世界', '独立游戏', '沙盒', '策略']","[{'type': 'developer', 'name': '风岛'}, {'type': 'author', 'name': '来比剑工作室'}]",,,0,"{'1': 0, '2': 0, '3': 6, '4': 20, '5': 82}",[]
61206,贵族：1896,"['战争', '开放世界', '射击', '高画质', 'TPS', '动作', '历史', '高自由度', '网络工具', '策略', '剧情']","[{'type': 'developer', 'name': 'Foursaken Media'}]",,,52695,"{'1': 69, '2': 48, '3': 163, '4': 265, '5': 827}",[]
231977,代号：一剑,"['国风', '开放世界', '修仙', '角色扮演']","[{'type': 'author', 'name': '一剑工作室'}]",,,0,"{'1': 2, '2': 1, '3': 6, '4': 30, '5': 169}",[]
214369,代号：劫界,"['修仙', '国风', '模拟经营', '经营', '角色扮演', '开放世界', '放置', '武侠', '养成']","[{'type': 'publisher', 'name': '莜鱼坊工作室'}, {'type': 'author', 'name': '慕仙工作室'}]",,,0,"{'1': 46, '2': 16, '3': 53, '4': 120, '5': 634}",[]
227721,代号：山海经,"['修仙', '山海经', '国风', '古风', '开放世界', '模拟']","[{'type': 'author', 'name': '紫米工作室'}]",,,0,"{'1': 34, '2': 15, '3': 55, '4': 94, '5': 330}",[]
222427,代号：代号,"['像素', '开放世界', '角色扮演']","[{'type': 'author', 'name': '滑稽工作室'}]",,,0,"{'1': 16, '2': 3, '3': 28, '4': 50, '5': 2061}",[]
234921,未定界,"['开放世界', '冒险', '动作', '二次元', '角色扮演']","[{'type': 'author', 'name': '未定界矿工委员会'}]",,,0,"{'1': 5, '2': 2, '3': 29, '4': 51, '5': 132}",[]
223353,浮生梦山海,"['修仙', '放置', '开放世界', '卡牌', '国风']","[{'type': 'author', 'name': '仙气工作室'}]",,,0,"{'1': 12, '2': 2, '3': 6, '4': 26, '5': 68}",[]
218537,疯狂赛车3,"['多人联机', '模拟', '开放世界', '竞速']","[{'type': 'developer', 'name': 'M2H'}]",,,159,"{'1': 1, '2': 0, '3': 2, '4': 6, '5': 20}",[]
232751,代号：Spark,"['射击', '开放世界', '建造', '生存', '角色扮演']","[{'type': 'publisher', 'name': '朝夕光年'}, {'type': 'author', 'name': '炎龙游戏'}]",,,0,"{'1': 22, '2': 9, '3': 28, '4': 27, '5': 125}",[]
235361,CarX Street,"['高画质', '驾驶', '开放世界', '竞速']","[{'type': 'developer', 'name': 'KAR IKS TEKHNOLODZHIS, OOO'}]",,,70,"{'1': 0, '2': 0, '3': 0, '4': 2, '5': 6}",[]
9070,模拟山羊,"['模拟', '动作', '恶搞', '3D', '开放世界', '搞笑']","[{'type': 'developer', 'name': 'Coffee Stain Studios'}]",,,14430,"{'1': 58, '2': 20, '3': 33, '4': 80, '5': 733}",[]
4844,我的世界: 故事模式,"['剧情', '单机', '沙盒', '高自由度', '开放世界', 'UP主推荐', '谷歌', 'Steam移植', '移植']","[{'type': 'developer', 'name': 'Telltale Games'}]",,,54494,"{'1': 117, '2': 58, '3': 136, '4': 191, '5': 1398}",[]
24921,绝处逢生,"['生存', '开放世界', '沙盒', '射击', '冒险', '动作', '网络工具', '3D', '建造', '角色扮演', 'UP主推荐', '谷歌', '末日']","[{'type': 'developer', 'name': 'HooDoo'}]",,,285790,"{'1': 1026, '2': 721, '3': 1752, '4': 1859, '5': 4199}",[]
55121,僵尸作战模拟,"['射击', '僵尸', '模拟', '沙盒', '生存', 'TPS', '丧尸', '动作', '多人联机', '战争', '开放世界']","[{'type': 'developer', 'name': 'illusiveray'}]",,,0,"{'1': 31, '2': 34, '3': 132, '4': 421, '5': 2013}",[]
41296,潘的世界,"['开放世界', '艺术', '沙盒', '休闲', '冒险', '益智']","[{'type': 'developer', 'name': 'Spelkraft Sthlm AB'}]",,,583,"{'1': 0, '2': 0, '3': 0, '4': 4, '5': 32}",[]
185418,火影忍者：巅峰对决,"['角色扮演', '二次元', '动漫', '开放世界', '3D', '日漫']","[{'type': 'publisher', 'name': '朝夕光年'}]",,,0,"{'1': 283, '2': 478, '3': 384, '4': 370, '5': 1737}",[]
10280,勇士的黎明 -- 混沌之戰 (免费版),"['Roguelike', '像素', '角色扮演', '开放世界', '多人联机', '沙盒', '动作', '单机', '冒险']","[{'type': 'developer', 'name': 'Flame Spirit Software Studio'}]",,,14970,"{'1': 31, '2': 18, '3': 86, '4': 240, '5': 742}",[]
10243,刺客信条：海盗奇航,"['单机', '冒险', '动作', '海盗', '海战', '刺激', '航海', '开放世界', '射击', '网络工具']","[{'type': 'developer', 'name': 'Ubisoft'}]",,,12690,"{'1': 55, '2': 34, '3': 93, '4': 216, '5': 662}",[]
61114,适者生存,"['多人联机', '高画质', '免费', '射击', '开放世界', '动作', '刺激', '冒险', '国产', '3D']","[{'type': 'author', 'name': 'Billion Games studio'}]",,,59,"{'1': 1065, '2': 232, '3': 520, '4': 738, '5': 5619}",[]
60435,辐射之城,"['生存', '高画质', '单机', '僵尸', '开放世界', '沙盒', '冒险']","[{'type': 'developer', 'name': 'Atypical Games'}]",,,12240,"{'1': 14, '2': 7, '3': 26, '4': 71, '5': 332}",[]
60999,像素生存 - Survival Games,"['生存', '末日', '像素', '僵尸', '冒险', '射击', '单机', '丧尸', '开放世界']","[{'type': 'author', 'name': 'JoyDo Entertainment'}, {'type': 'publisher', 'name': 'Riovox'}]",,,6325,"{'1': 44, '2': 38, '3': 111, '4': 167, '5': 215}",[]
234280,鸣潮,"['开放世界', '二次元', '动作', '角色扮演', '冒险', '策略']","[{'type': 'developer', 'name': '库洛游戏'}]",,,0,"{'1': 345, '2': 279, '3': 384, '4': 849, '5': 7948}",[]
181593,代号-UL（测试服）,"['开放世界', '沙盒', '角色扮演', 'MMORPG', '生存']","[{'type': 'author', 'name': '北京欢乐部落'}]",,,1958,"{'1': 286, '2': 107, '3': 182, '4': 214, '5': 282}",[]
180831,王牌战争：文明重启（体验服）,"['多人联机', '生存', '冒险', 'TPS', '射击', '末日', '沙盒', '开放世界']","[{'type': 'author', 'name': '极光工作室'}]",,,0,"{'1': 330, '2': 12, '3': 11, '4': 3, '5': 38}",[]
182338,宠物迷宫（测试服）,"['冒险', '角色扮演', '开放世界']","[{'type': 'developer', 'name': 'DAN游戏'}]",,,0,"{'1': 39, '2': 42, '3': 94, '4': 109, '5': 214}",[]
181956,宠物迷宫,"['宠物', '开放世界', '冒险', '角色扮演']","[{'type': 'developer', 'name': 'DAN游戏'}]",,,0,"{'1': 12, '2': 8, '3': 19, '4': 46, '5': 182}",[]
176791,祖古,"['冒险', '动作', '开放世界', '角色扮演']","[{'type': 'publisher', 'name': '腾讯NEXT IDEA高校游戏创意制作大赛'}, {'type': 'author', 'name': '祖古'}]",,,0,"{'1': 0, '2': 0, '3': 0, '4': 10, '5': 116}",[]
73017,灵魂岛（测试服）,"['生存', '沙盒', '开放世界', '多人联机', '冒险']","[{'type': 'author', 'name': '深圳市掌信传媒科技有限公司'}]",,,0,"{'1': 292, '2': 124, '3': 310, '4': 346, '5': 488}",[]
209273,下一站江湖Ⅱ,"['武侠', '角色扮演', '单机', '开放世界', '即时制']","[{'type': 'publisher', 'name': '忆墨轩网络'}, {'type': 'author', 'name': '白玉京工作室'}]",,,0,"{'1': 32, '2': 9, '3': 65, '4': 228, '5': 1964}",[]
60186,军队战争模拟器,"['战争', '模拟', '单机', '策略', '沙盒', '开放世界']","[{'type': 'developer', 'name': 'Rappid Studios'}]",,,22236,"{'1': 41, '2': 30, '3': 88, '4': 149, '5': 517}",[]
58992,勇闯死人谷 2,"['生存', '丧尸', '开放世界', '射击', '高画质', '僵尸', '单机', 'FPS', '高自由度', '动作', '3D', '冒险', '休闲']","[{'type': 'developer', 'name': 'PIKPOK'}]",,,64717,"{'1': 121, '2': 78, '3': 184, '4': 319, '5': 890}",[]
58310,像素战斗：僵尸突袭,"['僵尸', '射击', '开放世界', '像素', '生存', '单机', '沙盒', '3D', '高自由度', '丧尸', '刺激', 'FPS']","[{'type': 'developer', 'name': 'GS Games Studio'}]",,,26058,"{'1': 38, '2': 39, '3': 119, '4': 269, '5': 616}",[]
216313,圣境之塔,"['MMORPG', '冒险', '多人联机', '开放世界', '二次元', '角色扮演']","[{'type': 'developer', 'name': '里游互娱'}]",,,0,"{'1': 74, '2': 49, '3': 78, '4': 127, '5': 470}",[]
224677,代号：世界,"['开放世界', '角色扮演']","[{'type': 'author', 'name': 'BANGGCHI'}]",,,0,"{'1': 1, '2': 1, '3': 5, '4': 10, '5': 64}",[]
223680,来自星尘,"['买断制', '付费下载', '策略', '回合制', '单机', '美少女', '二次元', '开放世界', '角色扮演']","[{'type': 'developer', 'name': '鹰角网络'}]",,,0,"{'1': 894, '2': 438, '3': 892, '4': 1606, '5': 6093}",[]
221164,虚幻与现实：华夏文明,"['开放世界', '生存', '建造', '沙盒', 'MMORPG', '角色扮演']","[{'type': 'developer', 'name': '华梦游戏工作室'}]",,,2,"{'1': 83, '2': 32, '3': 114, '4': 196, '5': 1399}",[]
212861,Project：棱镜,"['角色扮演', '开放世界', '科幻', '动作']","[{'type': 'developer', 'name': '完美世界游戏'}]",,,0,"{'1': 106, '2': 61, '3': 93, '4': 108, '5': 244}",[]
224267,崩坏：星穹铁道,"['开放世界', '回合制', '角色扮演', '卡牌', '高画质', '二次元', '美少女', '策略', '冒险']","[{'type': 'developer', 'name': 'miHoYo'}]",,,0,"{'1': 1339, '2': 453, '3': 928, '4': 1377, '5': 8371}",[]
148789,代号-UL,"['生存', '沙盒', '开放世界', '角色扮演']","[{'type': 'author', 'name': '北京欢乐部落'}]",,,0,"{'1': 60, '2': 23, '3': 72, '4': 128, '5': 585}",[]
77455,废土行动,"['生存', '僵尸', '沙盒', '模拟经营', '经营', '建造', '开放世界', '多人联机', '丧尸', '策略', '模拟', '角色扮演', '上帝视角', 'PVP', '射击', '动作']","[{'type': 'developer', 'name': 'HODOGAME'}]",,,27798,"{'1': 1427, '2': 252, '3': 349, '4': 292, '5': 909}",[]
205442,我们的星球（测试服）,"['沙盒', '角色扮演', '开放世界']","[{'type': 'author', 'name': '天津五麦科技有限公司'}]",,,0,"{'1': 19, '2': 9, '3': 28, '4': 15, '5': 42}",[]
193230,命运因子,"['生存', '多人联机', '开放世界', '高画质']","[{'type': 'developer', 'name': '网易游戏'}]",,,0,"{'1': 355, '2': 155, '3': 367, '4': 255, '5': 580}",[]
